product_title,product_price,price_range,approx_cdn_price,product_shipping,product_min_qty,product_rating,supplier_verified,review_count,common_review,product_link,item_searched,date
PU box packed assorted memo,1.00,US1.00-US2.00,1.31,0,1000 pieces,5.0,NO,6,good service,https://www.alibaba.com/product-detail/PU-box-packed-assorted-memo_60331633966.html,guiness memoribilia,2022-12-18
Paper Memo Cube Printing,0.55,US0.55-US3.00,0.72,0,500 pieces,4.8,NO,2,,https://www.alibaba.com/product-detail/Paper-Memo-Cube-Printing_2022494345.html,guiness memoribilia,2022-12-18
New design paper block note cube memo cube,0.68,US0.68-US2.00,0.89,0,100 pieces,0,NO,0,,https://www.alibaba.com/product-detail/New-design-paper-block-note-cube_1600703045100.html,guiness memoribilia,2022-12-18
2021 New Exquisite and Practical Memo Box Combination Exhibition Promotional Gifts,1.04,US1.04-US1.78,1.36,0,1000 pieces,5.0,NO,6,good service,https://www.alibaba.com/product-detail/2021-New-Exquisite-and-Practical-Memo_1600370219295.html,guiness memoribilia,2022-12-18
High Quality PET Material Sticky Memo Pad with Leather Set,0.90,US0.90-US2.90,1.18,0,500 pieces,5.0,NO,6,good service,https://www.alibaba.com/product-detail/High-Quality-PET-Material-Sticky-Memo_1600308649233.html,guiness memoribilia,2022-12-18
Memo Box Gift Stitching Soft Surface Shaped Color Memo Stickers Customizable LOGO Combination Convenience Sticker Memo Box,0.98,US0.98-US1.20,1.28,0,1000 pieces,5.0,NO,6,good service,https://www.alibaba.com/product-detail/Memo-Box-Gift-Stitching-Soft-Surface_1600376196947.html,guiness memoribilia,2022-12-18
Best seller wheelchair - - - invitation of CMEF and visit our factory,30.00,US30.00-US59.00,39.30,0,50.0 units,0,YES,0,,https://www.alibaba.com/product-detail/Best-seller-wheelchair--invitation-of_60211921817.html,guiness memoribilia,2022-12-18
cheapest price of wheelchair Philippines,35.00,US35.00-US37.00,45.85,0,50.0 pieces,0,YES,0,,https://www.alibaba.com/product-detail/cheapest-price-of-wheelchair-Philippines_1000380481.html,guiness memoribilia,2022-12-18
Multi functional full lying high back paralyzed patient aluminum alloy hydraulic folding wheelchair for the elderly,33.50,US33.50-US35.50,43.89,0,50 pieces,0,YES,0,,https://www.alibaba.com/product-detail/Multi-functional-full-lying-high-back_1600687679559.html,guiness memoribilia,2022-12-18
Manufacturer supply wheelchair sale promotional wheelchair 809 --- send inquiry and get sample free,34.00,US34.00-US49.00,44.54,0,140.0 pieces,0,YES,0,,https://www.alibaba.com/product-detail/Manufacturer-supply-wheelchair-sale-promotional-wheelchair_1600407844713.html,guiness memoribilia,2022-12-18
Cheap different types of wheelchair,36.00,US36.00-US38.00,47.16,0,100.0 pieces,0,YES,0,,https://www.alibaba.com/product-detail/Cheap-different-types-of-wheelchair_60442857240.html,guiness memoribilia,2022-12-18
Medical best selling cerebral palsy wheelchair with toilet,75.00,US75.00,98.25,0,50 pieces,0,YES,0,,https://www.alibaba.com/product-detail/Medical-best-selling-cerebral-palsy-wheelchair_1600670192636.html,guiness memoribilia,2022-12-18
factory supply of Wheelchairs Price Medical Manual Light Recreational Handicap Wheel Chair Disabled Factory Supply,29.90,US29.90-US33.00,39.17,0,100 pieces,0,YES,0,,https://www.alibaba.com/product-detail/factory-supply-of-Wheelchairs-Price-Medical_1600458539674.html,guiness memoribilia,2022-12-18
Lightweight handicapped electric aluminum wheelchair with dual-directional operation for disabled people.,300.00,US300.00-US500.00,393.00,0,1.0 piece,0,YES,0,,https://www.alibaba.com/product-detail/Lightweight-handicapped-electric-aluminum-wheelchair-with_1600073219179.html,guiness memoribilia,2022-12-18
China Wholesale High Precision Power Folding Economical cheap Electric Wheelchair,285.00,US285.00-US360.00,373.35,0,1 piece,5.0,YES,1,fast shipping,https://www.alibaba.com/product-detail/China-Wholesale-High-Precision-Power-Folding_1600469323334.html,guiness memoribilia,2022-12-18
Wholesale new advertising gift magnet note pad / Russian style fridge magnet memo,0.26,US0.26-US0.33,0.34,0,5000 pieces,0,NO,0,,https://www.alibaba.com/product-detail/Wholesale-new-advertising-gift-magnet-note_1600474599884.html,guiness memoribilia,2022-12-18
Hot selling Wheelchair Manufacturer electrically propelled wheelchair with low price,343.00,US343.00-US397.00,449.33,0,1 piece,5.0,YES,1,fast shipping,https://www.alibaba.com/product-detail/Hot-selling-Wheelchair-Manufacturer-electrically-propelled_1600227744722.html,guiness memoribilia,2022-12-18
2022 china hot sale foldable electric wheelchair and hydraulic wheelchairs with CE certificates.,600.00,"US600.00-US1,399.00",786.00,0,1.0 piece,0,YES,0,,https://www.alibaba.com/product-detail/2022-china-hot-sale-foldable-electric_1600087669801.html,guiness memoribilia,2022-12-18
2022 best selling products multifuncionalde motor electrico para silla de ruedas de paseoseo,380.00,US380.00-US420.00,497.80,0,1.0 piece,0,YES,0,,https://www.alibaba.com/product-detail/2022-best-selling-products-multifuncionalde-motor_1600466910062.html,guiness memoribilia,2022-12-18
cnebikes hot-selling front one wheel attachable handbike 36v 350w electric wheelchair handcycle,478.00,US478.00-US480.00,626.18,0,1 set,4.9,NO,16,great service,https://www.alibaba.com/product-detail/cnebikes-hot-selling-front-one-wheel_60729844307.html,guiness memoribilia,2022-12-18
2022 Portable folding wheelchair cheap price list wheelchair power electric wheelchair,29.00,US29.00-US33.90,37.99,0,100.0 pieces,0,YES,0,,https://www.alibaba.com/product-detail/2022-Portable-folding-wheelchair-cheap-price_1600506607876.html,guiness memoribilia,2022-12-18
trending products 2022 new arrivals wheelchair / Silla ruedas health care supplies disabled factory supply,29.90,US29.90-US33.00,39.17,0,100 pieces,0,YES,0,,https://www.alibaba.com/product-detail/trending-products-2022-new-arrivals-wheelchair_1600423674390.html,guiness memoribilia,2022-12-18
Folding and lightweight electric wheelchair for sale,1010.00,"US1,010.00-US2,695.00",1323.10,0,1 set,5.0,YES,4,fast delivery,https://www.alibaba.com/product-detail/Folding-and-lightweight-electric-wheelchair-for_1600154004254.html,guiness memoribilia,2022-12-18
2022 trend products new arrival Health Care Folding Manual Lightweight Hospital Used Wheelchair for Sale with cheap prices,29.90,US29.90-US33.00,39.17,0,100 pieces,0,YES,0,,https://www.alibaba.com/product-detail/2022-trend-products-new-arrival-Health_1600483607519.html,guiness memoribilia,2022-12-18
2021 WH12A-350 36v 350w electric wheelchair handcycle attachment handbike with 14Ah battery for disabled,558.68,US558.68-US568.22,731.87,0,1 set,4.9,NO,16,great service,https://www.alibaba.com/product-detail/2021-WH12A-350-36v-350w-electric_1600149630155.html,guiness memoribilia,2022-12-18
big Sale price Good Quality health care supplies Factory Directly Wheelchair with Toilet Commode Made In China Low Price,46.00,US46.00-US60.00,60.26,0,50.0 pieces,0,YES,0,,https://www.alibaba.com/product-detail/big-Sale-price-Good-Quality-health_1600372429828.html,guiness memoribilia,2022-12-18
Shanghai health care supplies factory supply Price Manual Steel Wheelchair / Silla ruedas for the disabled,29.90,US29.90-US33.00,39.17,0,100 pieces,0,YES,0,,https://www.alibaba.com/product-detail/Shanghai-health-care-supplies-factory-supply_1600483599289.html,guiness memoribilia,2022-12-18
"2021 hot sale 12"" 350w electric wheelchair handcycle wheelchair electric assist with 36v 11.6Ah lithium battery and suspension",585.00,US585.00-US595.00,766.35,0,1 set,4.9,NO,16,great service,https://www.alibaba.com/product-detail/2021-hot-sale-12-350w-electric_1600201262350.html,guiness memoribilia,2022-12-18
Custom notebook manufacturer 15.6 promo plain,0.90,US0.90-US1.69,1.18,0,1000 pieces,5.0,NO,6,good service,https://www.alibaba.com/product-detail/Custom-notebook-manufacturer-15-6-promo_62449111636.html,guiness memoribilia,2022-12-18
2021 exquisite square note box,1.41,US1.41-US1.50,1.85,0,1000 pieces,5.0,NO,6,good service,https://www.alibaba.com/product-detail/2021-exquisite-square-note-box_1600370198491.html,guiness memoribilia,2022-12-18
2021 new multifunctional note box,0.94,US0.94-US1.02,1.23,0,1000 pieces,5.0,NO,6,good service,https://www.alibaba.com/product-detail/2021-new-multifunctional-note-box_1600370096876.html,guiness memoribilia,2022-12-18
Factory Sell Good Quality Oem Service Simple Large Memo Pad For Reminders Colorful Sticky Notes,0.09,US0.09-US0.12,0.12,0,500 pieces,0,NO,0,,https://www.alibaba.com/product-detail/Factory-Sell-Good-Quality-Oem-Service_1600561389328.html,guiness memoribilia,2022-12-18
2021 new note box magnet box,7.50,US7.50-US8.30,9.83,0,1000 pieces,5.0,NO,6,good service,https://www.alibaba.com/product-detail/2021-new-note-box-magnet-box_1600370230347.html,guiness memoribilia,2022-12-18
planner notebook diary 2017,1.00,US1.00-US2.00,1.31,0,1000 pieces,5.0,NO,6,good service,https://www.alibaba.com/product-detail/planner-notebook-diary-2017_60555208628.html,guiness memoribilia,2022-12-18
Custom notebook manufacturer a3 import china,0.90,US0.90-US1.69,1.18,0,1000 pieces,5.0,NO,6,good service,https://www.alibaba.com/product-detail/Custom-notebook-manufacturer-a3-import-china_62449109250.html,guiness memoribilia,2022-12-18
OUV Promotional Notebook and Pen Gift Box Set 2023 Pretty Custom Logo Printed Daily Planners,2.65,US2.65-US3.99,3.47,0,300 pieces,5.0,NO,6,good service,https://www.alibaba.com/product-detail/OUV-Promotional-Notebook-and-Pen-Gift_1600661100939.html,guiness memoribilia,2022-12-18
Electronics 12 inch writing pad LCD Writing tablet for office memo notes,9.33,US9.33-US9.65,12.22,0,50 pieces,4.9,YES,7,Good service,https://www.alibaba.com/product-detail/Electronics-12-inch-writing-pad-LCD_60790419679.html,guiness memoribilia,2022-12-18
Fanncy Design mini notebooks stickers notepad memo pad,1.70,US1.70,2.23,0,100 pieces,5.0,NO,6,customer service,https://www.alibaba.com/product-detail/Fanncy-Design-mini-notebooks-stickers-notepad_1600668047792.html,guiness memoribilia,2022-12-18
Custom notebook manufacturer school supplies printing ecological,0.90,US0.90-US1.69,1.18,0,1000 pieces,5.0,NO,6,good service,https://www.alibaba.com/product-detail/Custom-notebook-manufacturer-school-supplies-printing_62449291576.html,guiness memoribilia,2022-12-18
2021 Creative multifunctional pen set note box office gift note box exhibition advertising promotion note box,0.84,US0.84-US0.90,1.10,0,1000 pieces,5.0,NO,6,good service,https://www.alibaba.com/product-detail/2021-Creative-multifunctional-pen-set-note_1600369562956.html,guiness memoribilia,2022-12-18
Custom notebook manufacturer a5 hard cover classmate journal,0.90,US0.90-US1.69,1.18,0,1000 pieces,5.0,NO,6,good service,https://www.alibaba.com/product-detail/Custom-notebook-manufacturer-a5-hard-cover_62449169340.html,guiness memoribilia,2022-12-18
Soft cover notebook school student diary book,0.90,US0.90-US1.69,1.18,0,1000 pieces,5.0,NO,6,good service,https://www.alibaba.com/product-detail/Soft-cover-notebook-school-student-diary_62450714586.html,guiness memoribilia,2022-12-18
Custom notebook manufacturer leather cover a4 sketchbook conference,0.90,US0.90-US1.69,1.18,0,1000 pieces,5.0,NO,6,good service,https://www.alibaba.com/product-detail/Custom-notebook-manufacturer-leather-cover-a4_62448787950.html,guiness memoribilia,2022-12-18
Soft cover notebook b5 custom logo a4,0.90,US0.90-US1.69,1.18,0,1000 pieces,5.0,NO,6,good service,https://www.alibaba.com/product-detail/Soft-cover-notebook-b5-custom-logo_62449327521.html,guiness memoribilia,2022-12-18
Creative Transformative cardboard square with Sticky Memo block Notepads box,4.00,US4.00,5.24,0,50 pieces,0,NO,0,,https://www.alibaba.com/product-detail/Creative-Transformative-cardboard-square-with-Sticky_1600618016582.html,guiness memoribilia,2022-12-18
Wholesale School Softcover Notebook Office Supplies a5 Paper for Students,1.19,US1.19-US1.69,1.56,0,1000 pieces,5.0,NO,6,good service,https://www.alibaba.com/product-detail/Wholesale-School-Softcover-Notebook-Office-Supplies_62449313141.html,guiness memoribilia,2022-12-18
Soft cover notebook wire pen custom printed hardcover,0.90,US0.90-US1.69,1.18,0,1000 pieces,5.0,NO,6,good service,https://www.alibaba.com/product-detail/Soft-cover-notebook-wire-pen-custom_62448787951.html,guiness memoribilia,2022-12-18
"2021 New creative room model signature,multi-functional house model signature box combination",1.20,US1.20-US1.40,1.57,0,1000 pieces,5.0,NO,6,good service,https://www.alibaba.com/product-detail/2021-New-creative-room-model-signature_1600371913717.html,guiness memoribilia,2022-12-18
